Station_ID,Observed_DateTime,Observed_Height,Tide,Predicted_DateTime,Predicted_Height,DateTime_Difference,Height_Difference
TW02,01/07/2023 04:02,6.53,HW,01/07/2023 03:51,6.23,+00:11,0.3
TW02,01/07/2023 10:25,2.15,LW,01/07/2023 10:51,1.83,-00:26,0.33
TW02,01/07/2023 16:07,6.7,HW,01/07/2023 16:06,6.44,+00:01,0.25
TW02,01/07/2023 22:48,1.82,LW,01/07/2023 23:29,1.46,-00:41,0.36
TW02,02/07/2023 04:45,6.89,HW,02/07/2023 04:41,6.58,+00:04,0.31
TW02,02/07/2023 11:07,1.87,LW,02/07/2023 11:59,1.48,-00:52,0.39
TW02,02/07/2023 17:06,6.94,HW,02/07/2023 17:02,6.75,+00:04,0.19
TW02,02/07/2023 23:50,1.53,LW,03/07/2023 00:32,1.28,-00:42,0.25
TW02,03/07/2023 05:37,7.21,HW,03/07/2023 05:29,6.91,+00:08,0.3
TW02,03/07/2023 12:21,1.38,LW,03/07/2023 13:04,1.14,-00:43,0.24
TW02,03/07/2023 18:03,7.27,HW,03/07/2023 17:58,7.01,+00:05,0.27
TW02,04/07/2023 00:48,1.35,LW,04/07/2023 01:31,1.14,-00:43,0.22
TW02,04/07/2023 06:23,7.43,HW,04/07/2023 06:15,7.19,+00:08,0.24
TW02,04/07/2023 13:19,1.26,LW,04/07/2023 14:06,0.84,-00:47,0.43
TW02,04/07/2023 18:53,7.46,HW,04/07/2023 18:52,7.19,+00:01,0.27
TW02,05/07/2023 01:17,1.4,LW,05/07/2023 02:27,1.04,#SPILL!,0.36
TW02,05/07/2023 07:05,7.6,HW,05/07/2023 07:02,7.4,+00:03,0.2
TW02,05/07/2023 14:13,0.99,LW,05/07/2023 14:54,0.61,-00:41,0.38
TW02,05/07/2023 19:47,7.54,HW,05/07/2023 19:43,7.27,+00:04,0.27
TW02,06/07/2023 02:05,1.37,LW,06/07/2023 03:06,1.02,#SPILL!,0.35
TW02,06/07/2023 07:52,7.58,HW,06/07/2023 07:46,7.51,+00:06,0.07
TW02,06/07/2023 15:21,0.82,LW,06/07/2023 15:35,0.49,-00:14,0.34
TW02,06/07/2023 20:39,7.32,HW,06/07/2023 20:34,7.22,+00:05,0.11
TW02,07/07/2023 02:50,1.23,LW,07/07/2023 03:44,1.1,-00:54,0.13
TW02,07/07/2023 08:42,7.47,HW,07/07/2023 08:32,7.49,+00:10,-0.02
TW02,07/07/2023 16:14,0.85,LW,07/07/2023 16:16,0.5,-00:02,0.35
TW02,07/07/2023 21:33,7.19,HW,07/07/2023 21:24,7.03,+00:09,0.16
TW02,08/07/2023 03:42,1.57,LW,08/07/2023 04:21,1.26,-00:39,0.31
TW02,08/07/2023 09:18,7.58,HW,08/07/2023 09:19,7.35,-00:01,0.24
TW02,08/07/2023 17:03,1.02,LW,08/07/2023 16:57,0.66,+00:06,0.37
TW02,08/07/2023 22:34,6.87,HW,08/07/2023 22:16,6.73,+00:18,0.14
TW02,09/07/2023 04:26,1.73,LW,09/07/2023 05:01,1.5,-00:35,0.23
TW02,09/07/2023 10:16,7.38,HW,09/07/2023 10:10,7.09,+00:06,0.29
TW02,09/07/2023 17:37,1.34,LW,09/07/2023 17:38,0.92,-00:01,0.43
TW02,09/07/2023 23:23,6.48,HW,09/07/2023 23:12,6.39,+00:11,0.09
TW02,10/07/2023 05:15,1.89,LW,10/07/2023 05:42,1.78,-00:27,0.11
TW02,10/07/2023 10:59,6.98,HW,10/07/2023 11:07,6.76,-00:08,0.22
TW02,10/07/2023 18:31,1.52,LW,10/07/2023 18:22,1.24,+00:09,0.28
TW02,11/07/2023 00:21,6.09,HW,11/07/2023 00:08,6.08,+00:13,0.02
TW02,11/07/2023 06:07,2.06,LW,11/07/2023 06:29,2.04,-00:22,0.02
TW02,11/07/2023 12:11,6.59,HW,11/07/2023 12:08,6.42,+00:03,0.17
TW02,11/07/2023 19:05,1.92,LW,11/07/2023 19:09,1.57,-00:04,0.35
TW02,12/07/2023 01:24,6.01,HW,12/07/2023 01:07,5.85,+00:17,0.16
TW02,12/07/2023 07:12,2.5,LW,12/07/2023 07:24,2.21,-00:12,0.29
TW02,12/07/2023 13:14,6.34,HW,12/07/2023 13:12,6.16,+00:02,0.18
TW02,12/07/2023 20:03,2.21,LW,12/07/2023 20:18,1.82,-00:15,0.38
TW02,13/07/2023 02:32,5.97,HW,13/07/2023 02:08,5.77,+00:24,0.2
TW02,13/07/2023 08:25,2.47,LW,13/07/2023 08:49,2.23,-00:24,0.25
TW02,13/07/2023 14:35,6.31,HW,13/07/2023 14:21,6.03,+00:14,0.28
TW02,13/07/2023 21:09,2.16,LW,13/07/2023 21:31,1.95,-00:22,0.21
TW02,14/07/2023 03:34,6.02,HW,14/07/2023 03:09,5.87,+00:25,0.15
TW02,14/07/2023 09:42,2.23,LW,14/07/2023 10:09,2.07,-00:27,0.16
TW02,14/07/2023 15:53,6.21,HW,14/07/2023 15:28,6.04,+00:25,0.17
TW02,14/07/2023 22:18,2.01,LW,14/07/2023 22:40,1.95,-00:22,0.06
TW02,15/07/2023 04:23,6.23,HW,15/07/2023 04:02,6.08,+00:21,0.14
TW02,15/07/2023 11:16,1.93,LW,15/07/2023 11:18,1.82,-00:02,0.1
TW02,15/07/2023 16:53,5.96,HW,15/07/2023 16:29,6.15,+00:24,-0.19
TW02,15/07/2023 23:06,1.63,LW,15/07/2023 23:40,1.88,-00:34,-0.25
TW02,16/07/2023 05:14,6.21,HW,16/07/2023 04:50,6.35,+00:24,-0.14
TW02,16/07/2023 11:31,1.69,LW,16/07/2023 12:20,1.58,-00:49,0.11
TW02,16/07/2023 17:32,6.5,HW,16/07/2023 17:23,6.29,+00:09,0.21
TW02,16/07/2023 23:41,1.93,LW,17/07/2023 00:34,1.78,-00:53,0.15
TW02,17/07/2023 05:52,6.74,HW,17/07/2023 05:33,6.6,+00:19,0.14
TW02,17/07/2023 12:43,1.58,LW,17/07/2023 13:15,1.38,-00:32,0.2
TW02,17/07/2023 18:13,6.71,HW,17/07/2023 18:08,6.4,+00:05,0.31
TW02,18/07/2023 00:31,1.9,LW,18/07/2023 01:24,1.69,-00:53,0.21
TW02,18/07/2023 06:23,7.07,HW,18/07/2023 06:12,6.79,+00:11,0.28
TW02,18/07/2023 13:14,1.53,LW,18/07/2023 14:06,1.25,-00:52,0.28
TW02,18/07/2023 18:48,6.74,HW,18/07/2023 18:49,6.46,-00:01,0.27
TW02,19/07/2023 01:04,1.76,LW,19/07/2023 02:10,1.63,#SPILL!,0.13
TW02,19/07/2023 06:51,7.19,HW,19/07/2023 06:50,6.89,+00:01,0.3
TW02,19/07/2023 14:13,1.6,LW,19/07/2023 14:44,1.2,-00:31,0.41
TW02,19/07/2023 19:32,6.95,HW,19/07/2023 19:25,6.48,+00:07,0.48
TW02,20/07/2023 01:44,1.89,LW,20/07/2023 02:44,1.61,-01:00,0.28
TW02,20/07/2023 07:30,7.17,HW,20/07/2023 07:24,6.92,+00:06,0.25
TW02,20/07/2023 14:25,1.49,LW,20/07/2023 15:13,1.21,-00:48,0.28
TW02,20/07/2023 20:13,6.75,HW,20/07/2023 19:57,6.45,+00:16,0.3
TW02,21/07/2023 02:16,1.73,LW,21/07/2023 03:10,1.63,-00:54,0.1
TW02,21/07/2023 07:55,7.06,HW,21/07/2023 07:56,6.87,-00:01,0.19
TW02,21/07/2023 15:09,1.49,LW,21/07/2023 15:40,1.28,-00:31,0.21
TW02,21/07/2023 20:37,6.66,HW,21/07/2023 20:29,6.39,+00:08,0.27
TW02,22/07/2023 02:47,1.77,LW,22/07/2023 03:35,1.69,-00:48,0.08
TW02,22/07/2023 08:27,6.93,HW,22/07/2023 08:28,6.75,-00:01,0.18
TW02,22/07/2023 15:51,1.36,LW,22/07/2023 16:07,1.39,-00:16,-0.03
TW02,22/07/2023 21:17,6.46,HW,22/07/2023 21:01,6.28,+00:16,0.17
TW02,23/07/2023 03:17,1.82,LW,23/07/2023 03:58,1.78,-00:41,0.04
TW02,23/07/2023 09:11,6.81,HW,23/07/2023 08:59,6.59,+00:12,0.21
TW02,23/07/2023 16:03,1.79,LW,23/07/2023 16:31,1.52,-00:28,0.27
TW02,23/07/2023 21:40,6.52,HW,23/07/2023 21:35,6.13,+00:05,0.39
TW02,24/07/2023 04:00,2.32,LW,24/07/2023 04:25,1.91,-00:25,0.42
TW02,24/07/2023 09:37,6.87,HW,24/07/2023 09:33,6.4,+00:04,0.47
TW02,24/07/2023 16:48,2.05,LW,24/07/2023 16:58,1.67,-00:10,0.38
TW02,24/07/2023 22:21,6.29,HW,24/07/2023 22:11,5.94,+00:10,0.35
TW02,25/07/2023 04:16,2.26,LW,25/07/2023 04:55,2.07,-00:39,0.19
TW02,25/07/2023 10:20,6.48,HW,25/07/2023 10:11,6.18,+00:09,0.29
TW02,25/07/2023 17:11,2.09,LW,25/07/2023 17:31,1.84,-00:20,0.25
TW02,25/07/2023 23:02,6.1,HW,25/07/2023 22:56,5.72,+00:06,0.38
TW02,26/07/2023 05:02,2.49,LW,26/07/2023 05:33,2.26,-00:31,0.23
TW02,26/07/2023 11:00,6.12,HW,26/07/2023 10:59,5.96,+00:01,0.16
TW02,26/07/2023 18:03,2.21,LW,26/07/2023 18:13,2.02,-00:10,0.19
TW02,27/07/2023 00:07,5.78,HW,26/07/2023 23:51,5.53,+00:16,0.26
TW02,27/07/2023 06:02,2.56,LW,27/07/2023 06:22,2.43,-00:20,0.13
TW02,27/07/2023 12:11,5.91,HW,27/07/2023 12:00,5.76,+00:11,0.15
TW02,27/07/2023 18:54,2.37,LW,27/07/2023 19:05,2.15,-00:11,0.22
TW02,28/07/2023 01:06,5.84,HW,28/07/2023 01:02,5.46,+00:04,0.38
TW02,28/07/2023 07:07,2.79,LW,28/07/2023 07:22,2.48,-00:15,0.31
TW02,28/07/2023 13:27,5.84,HW,28/07/2023 13:16,5.7,+00:11,0.14
TW02,28/07/2023 19:53,2.32,LW,28/07/2023 20:24,2.15,-00:31,0.17
TW02,29/07/2023 02:24,5.88,HW,29/07/2023 02:18,5.62,+00:06,0.26
TW02,29/07/2023 08:30,2.54,LW,29/07/2023 08:54,2.33,-00:24,0.21
TW02,29/07/2023 14:43,6.01,HW,29/07/2023 14:41,5.86,+00:02,0.15
TW02,29/07/2023 21:23,2.27,LW,29/07/2023 21:49,2,-00:26,0.27
TW02,30/07/2023 03:29,6.22,HW,30/07/2023 03:26,5.99,+00:03,0.23
TW02,30/07/2023 09:44,2.13,LW,30/07/2023 10:23,1.98,-00:39,0.15
TW02,30/07/2023 15:57,6.32,HW,30/07/2023 15:54,6.23,+00:03,0.09
TW02,30/07/2023 22:29,1.9,LW,30/07/2023 23:05,1.75,-00:36,0.15
TW02,31/07/2023 04:29,6.63,HW,31/07/2023 04:24,6.47,+00:05,0.17
TW02,31/07/2023 11:02,1.8,LW,31/07/2023 11:44,1.52,-00:42,0.28
TW02,31/07/2023 17:05,6.84,HW,31/07/2023 16:58,6.67,+00:07,0.17
TW02,31/07/2023 23:22,1.72,LW,01/08/2023 00:15,1.45,-00:53,0.27
TW02,01/08/2023 05:20,7.2,HW,01/08/2023 05:15,6.95,+00:05,0.25
TW02,01/08/2023 12:11,1.47,LW,01/08/2023 12:55,1.04,-00:44,0.43
TW02,01/08/2023 17:57,7.27,HW,01/08/2023 17:57,7.08,+00:00,0.19
TW02,02/08/2023 00:26,1.48,LW,02/08/2023 01:18,1.18,-00:52,0.3
TW02,02/08/2023 06:07,7.53,HW,02/08/2023 06:04,7.38,+00:03,0.14
TW02,02/08/2023 13:26,0.93,LW,02/08/2023 14:00,0.6,-00:34,0.33
TW02,02/08/2023 18:55,7.78,HW,02/08/2023 18:51,7.39,+00:04,0.39
TW02,03/08/2023 01:02,1.76,LW,03/08/2023 02:17,0.96,#SPILL!,0.81
TW02,03/08/2023 06:55,7.91,HW,03/08/2023 06:51,7.72,+00:04,0.18
TW02,03/08/2023 14:26,0.87,LW,03/08/2023 14:49,0.28,-00:23,0.59
TW02,03/08/2023 19:39,7.66,HW,03/08/2023 19:39,7.56,+00:00,0.1
TW02,04/08/2023 01:52,1.13,LW,04/08/2023 02:57,0.83,#SPILL!,0.3
TW02,04/08/2023 07:35,8.03,HW,04/08/2023 07:35,7.93,+00:00,0.1
TW02,04/08/2023 15:25,0.6,LW,04/08/2023 15:26,0.14,-00:01,0.46
TW02,04/08/2023 20:28,7.54,HW,04/08/2023 20:23,7.55,+00:05,-0.01
TW02,05/08/2023 02:47,0.98,LW,05/08/2023 03:32,0.83,-00:45,0.16
TW02,05/08/2023 08:21,7.89,HW,05/08/2023 08:18,7.97,+00:03,-0.08
TW02,05/08/2023 15:53,0.79,LW,05/08/2023 16:02,0.2,-00:09,0.59
TW02,05/08/2023 21:17,7.59,HW,05/08/2023 21:05,7.35,+00:12,0.24
TW02,06/08/2023 03:25,1.51,LW,06/08/2023 04:07,0.97,-00:42,0.54
TW02,06/08/2023 09:07,7.91,HW,06/08/2023 09:00,7.81,+00:07,0.1
TW02,06/08/2023 16:35,1.13,LW,06/08/2023 16:38,0.48,-00:03,0.65
TW02,06/08/2023 21:48,7.07,HW,06/08/2023 21:48,7,+00:00,0.07
TW02,07/08/2023 04:03,1.37,LW,07/08/2023 04:40,1.25,-00:37,0.13
TW02,07/08/2023 09:50,7.48,HW,07/08/2023 09:46,7.44,+00:04,0.04
TW02,07/08/2023 16:54,1.36,LW,07/08/2023 17:12,0.92,-00:18,0.44
TW02,07/08/2023 22:47,6.58,HW,07/08/2023 22:31,6.53,+00:16,0.05
TW02,08/08/2023 04:39,1.84,LW,08/08/2023 05:14,1.62,-00:35,0.21
TW02,08/08/2023 10:38,7.21,HW,08/08/2023 10:34,6.91,+00:04,0.3
TW02,08/08/2023 17:41,1.88,LW,08/08/2023 17:47,1.45,-00:06,0.42
TW02,08/08/2023 23:27,6.41,HW,08/08/2023 23:20,6.04,+00:07,0.38
TW02,09/08/2023 05:31,2.48,LW,09/08/2023 05:52,2.04,-00:21,0.45
TW02,09/08/2023 11:45,6.69,HW,09/08/2023 11:31,6.31,+00:14,0.38
TW02,09/08/2023 18:18,2.4,LW,09/08/2023 18:28,1.99,-00:10,0.41
TW02,10/08/2023 00:39,5.8,HW,10/08/2023 00:18,5.61,+00:21,0.18
TW02,10/08/2023 06:29,2.46,LW,10/08/2023 06:41,2.41,-00:12,0.06
TW02,10/08/2023 12:53,5.88,HW,10/08/2023 12:38,5.78,+00:15,0.1
TW02,10/08/2023 19:16,2.52,LW,10/08/2023 19:24,2.4,-00:08,0.12
TW02,11/08/2023 01:52,5.5,HW,11/08/2023 01:23,5.4,+00:29,0.11
TW02,11/08/2023 07:58,2.57,LW,11/08/2023 08:08,2.57,-00:10,0
TW02,11/08/2023 14:22,5.7,HW,11/08/2023 13:56,5.51,+00:26,0.19
TW02,11/08/2023 20:38,2.76,LW,11/08/2023 20:58,2.56,-00:20,0.19
TW02,12/08/2023 02:54,5.79,HW,12/08/2023 02:33,5.47,+00:21,0.32
TW02,12/08/2023 09:34,2.41,LW,12/08/2023 09:52,2.39,-00:18,0.02
TW02,12/08/2023 15:38,5.79,HW,12/08/2023 15:16,5.57,+00:22,0.22
TW02,12/08/2023 21:36,2.57,LW,12/08/2023 22:18,2.45,-00:42,0.12
TW02,13/08/2023 04:05,6.02,HW,13/08/2023 03:38,5.8,+00:27,0.23
TW02,13/08/2023 10:34,2.18,LW,13/08/2023 11:05,2.02,-00:31,0.15
TW02,13/08/2023 16:44,6.11,HW,13/08/2023 16:24,5.86,+00:20,0.25
TW02,13/08/2023 22:49,2.4,LW,13/08/2023 23:22,2.22,-00:33,0.18
TW02,14/08/2023 04:46,6.37,HW,14/08/2023 04:31,6.21,+00:15,0.15
TW02,14/08/2023 11:40,1.82,LW,14/08/2023 12:06,1.65,-00:26,0.16
TW02,14/08/2023 17:33,6.31,HW,14/08/2023 17:15,6.16,+00:18,0.15
TW02,14/08/2023 23:35,2,LW,15/08/2023 00:16,1.95,-00:41,0.05
TW02,15/08/2023 05:36,6.81,HW,15/08/2023 05:14,6.59,+00:22,0.22
TW02,15/08/2023 12:20,1.68,LW,15/08/2023 12:58,1.36,-00:38,0.32
TW02,15/08/2023 17:59,6.77,HW,15/08/2023 17:56,6.4,+00:03,0.37
TW02,16/08/2023 00:15,2,LW,16/08/2023 01:06,1.73,-00:51,0.27
TW02,16/08/2023 06:01,6.98,HW,16/08/2023 05:53,6.87,+00:08,0.11
TW02,16/08/2023 13:07,1.39,LW,16/08/2023 13:46,1.16,-00:39,0.23
TW02,16/08/2023 18:43,6.81,HW,16/08/2023 18:31,6.56,+00:12,0.25
TW02,17/08/2023 00:52,1.61,LW,17/08/2023 01:51,1.57,-00:59,0.04
TW02,17/08/2023 06:34,7.18,HW,17/08/2023 06:29,7.03,+00:05,0.15
TW02,17/08/2023 13:55,1.24,LW,17/08/2023 14:29,1.06,-00:34,0.19
TW02,17/08/2023 19:15,7.02,HW,17/08/2023 19:03,6.66,+00:12,0.36
TW02,18/08/2023 01:27,1.53,LW,18/08/2023 02:30,1.5,#SPILL!,0.04
TW02,18/08/2023 07:07,7.26,HW,18/08/2023 07:03,7.1,+00:04,0.17
TW02,18/08/2023 14:17,1.21,LW,18/08/2023 14:57,1.04,-00:40,0.16
TW02,18/08/2023 19:38,7.02,HW,18/08/2023 19:33,6.7,+00:05,0.31
TW02,19/08/2023 01:57,1.45,LW,19/08/2023 02:55,1.48,-00:58,-0.03
TW02,19/08/2023 07:37,7.2,HW,19/08/2023 07:34,7.09,+00:03,0.1
TW02,19/08/2023 14:49,1.15,LW,19/08/2023 15:22,1.11,-00:33,0.04
TW02,19/08/2023 20:03,6.88,HW,19/08/2023 20:01,6.7,+00:02,0.18
TW02,20/08/2023 02:12,1.39,LW,20/08/2023 03:17,1.51,#SPILL!,-0.12
TW02,20/08/2023 08:00,7.31,HW,20/08/2023 08:04,7.03,-00:04,0.28
TW02,20/08/2023 15:20,1.39,LW,20/08/2023 15:44,1.22,-00:24,0.17
TW02,20/08/2023 20:29,7.03,HW,20/08/2023 20:30,6.64,-00:01,0.39
TW02,21/08/2023 02:46,1.67,LW,21/08/2023 03:38,1.57,-00:52,0.09
TW02,21/08/2023 08:35,7.09,HW,21/08/2023 08:32,6.92,+00:03,0.18
TW02,21/08/2023 15:41,1.39,LW,21/08/2023 16:04,1.36,-00:23,0.03
TW02,21/08/2023 21:00,6.73,HW,21/08/2023 20:58,6.5,+00:02,0.22
TW02,22/08/2023 03:17,1.72,LW,22/08/2023 03:59,1.67,-00:42,0.05
TW02,22/08/2023 09:01,6.99,HW,22/08/2023 09:00,6.75,+00:01,0.24
TW02,22/08/2023 16:15,1.7,LW,22/08/2023 16:25,1.54,-00:10,0.16
TW02,22/08/2023 21:35,6.63,HW,22/08/2023 21:29,6.28,+00:06,0.34
TW02,23/08/2023 03:41,2.05,LW,23/08/2023 04:25,1.84,-00:44,0.21
TW02,23/08/2023 09:33,6.68,HW,23/08/2023 09:34,6.5,-00:01,0.19
TW02,23/08/2023 16:38,1.85,LW,23/08/2023 16:50,1.78,-00:12,0.07
TW02,23/08/2023 22:09,6.25,HW,23/08/2023 22:05,5.98,+00:04,0.27
TW02,24/08/2023 04:22,2.21,LW,24/08/2023 04:57,2.09,-00:35,0.12
TW02,24/08/2023 10:10,6.33,HW,24/08/2023 10:17,6.14,-00:07,0.19
TW02,24/08/2023 17:17,2.19,LW,24/08/2023 17:27,2.1,-00:10,0.1
TW02,24/08/2023 22:59,6.05,HW,24/08/2023 22:55,5.62,+00:04,0.43
TW02,25/08/2023 05:06,2.66,LW,25/08/2023 05:44,2.39,-00:38,0.27
TW02,25/08/2023 11:14,5.85,HW,25/08/2023 11:16,5.73,-00:02,0.12
TW02,25/08/2023 17:57,2.51,LW,25/08/2023 18:25,2.41,-00:28,0.1
TW02,26/08/2023 00:10,5.66,HW,26/08/2023 00:06,5.34,+00:04,0.32
TW02,26/08/2023 06:15,2.81,LW,26/08/2023 06:52,2.57,-00:37,0.24
TW02,26/08/2023 13:10,5.93,HW,26/08/2023 12:44,5.46,+00:26,0.47
TW02,26/08/2023 19:18,2.65,LW,26/08/2023 19:47,2.52,-00:29,0.13
TW02,27/08/2023 01:56,5.68,HW,27/08/2023 01:48,5.41,+00:08,0.27
TW02,27/08/2023 08:14,2.72,LW,27/08/2023 08:28,2.44,-00:14,0.28
TW02,27/08/2023 14:38,5.99,HW,27/08/2023 14:36,5.65,+00:02,0.35
TW02,27/08/2023 20:44,2.59,LW,27/08/2023 21:29,2.32,-00:45,0.27
TW02,28/08/2023 03:10,6.19,HW,28/08/2023 03:08,5.89,+00:02,0.3
TW02,28/08/2023 09:58,2.36,LW,28/08/2023 10:14,1.99,-00:16,0.37
TW02,28/08/2023 16:07,6.42,HW,28/08/2023 15:54,6.2,+00:13,0.22
TW02,28/08/2023 22:12,2.13,LW,28/08/2023 22:52,1.93,-00:40,0.2
TW02,29/08/2023 04:16,6.62,HW,29/08/2023 04:09,6.52,+00:07,0.1
TW02,29/08/2023 11:05,1.61,LW,29/08/2023 11:37,1.38,-00:32,0.24
TW02,29/08/2023 17:02,6.96,HW,29/08/2023 16:56,6.81,+00:06,0.16
TW02,29/08/2023 23:18,1.77,LW,30/08/2023 00:02,1.5,-00:44,0.28
TW02,30/08/2023 05:07,7.32,HW,30/08/2023 05:00,7.15,+00:07,0.17
TW02,30/08/2023 12:20,1.27,LW,30/08/2023 12:45,0.8,-00:25,0.47
TW02,30/08/2023 17:47,7.54,HW,30/08/2023 17:49,7.3,-00:02,0.24
TW02,31/08/2023 00:17,1.42,LW,31/08/2023 01:02,1.12,-00:45,0.31
TW02,31/08/2023 05:51,7.8,HW,31/08/2023 05:47,7.67,+00:04,0.13
TW02,31/08/2023 13:25,0.68,LW,31/08/2023 13:45,0.35,-00:20,0.33
TW02,31/08/2023 18:35,7.78,HW,31/08/2023 18:37,7.63,-00:02,0.15
TW02,01/09/2023 00:57,1.16,LW,01/09/2023 01:57,0.83,-01:00,0.33
TW02,01/09/2023 06:36,8.21,HW,01/09/2023 06:33,8.04,+00:03,0.17
TW02,01/09/2023 14:18,0.56,LW,01/09/2023 14:34,0.07,-00:16,0.48
TW02,01/09/2023 19:18,7.97,HW,01/09/2023 19:20,7.77,-00:02,0.19
TW02,02/09/2023 01:35,1.06,LW,02/09/2023 02:41,0.67,#SPILL!,0.39
TW02,02/09/2023 07:19,8.35,HW,02/09/2023 07:15,8.24,+00:04,0.11
TW02,02/09/2023 15:19,0.43,LW,02/09/2023 15:09,0.02,+00:10,0.4
TW02,02/09/2023 20:08,7.69,HW,02/09/2023 19:58,7.72,+00:10,-0.03
TW02,03/09/2023 02:39,0.87,LW,03/09/2023 03:14,0.67,-00:35,0.2
TW02,03/09/2023 07:57,8.2,HW,03/09/2023 07:55,8.23,+00:02,-0.03
TW02,03/09/2023 15:48,0.48,LW,03/09/2023 15:42,0.21,+00:06,0.27
TW02,03/09/2023 20:46,7.6,HW,03/09/2023 20:35,7.49,+00:11,0.12
TW02,04/09/2023 02:53,1.21,LW,04/09/2023 03:45,0.84,-00:52,0.38
TW02,04/09/2023 08:37,7.91,HW,04/09/2023 08:36,7.98,+00:01,-0.07
TW02,04/09/2023 16:02,0.9,LW,04/09/2023 16:12,0.6,-00:10,0.29
TW02,04/09/2023 21:20,7.36,HW,04/09/2023 21:10,7.09,+00:10,0.27
TW02,05/09/2023 03:34,1.48,LW,05/09/2023 04:15,1.16,-00:41,0.32
TW02,05/09/2023 09:15,7.68,HW,05/09/2023 09:17,7.49,-00:02,0.19
TW02,05/09/2023 16:35,1.52,LW,05/09/2023 16:39,1.15,-00:04,0.37
TW02,05/09/2023 22:00,6.7,HW,05/09/2023 21:47,6.58,+00:13,0.13
TW02,06/09/2023 04:06,1.7,LW,06/09/2023 04:43,1.59,-00:37,0.11
TW02,06/09/2023 10:00,6.87,HW,06/09/2023 10:01,6.81,-00:01,0.06
TW02,06/09/2023 16:43,1.86,LW,06/09/2023 17:07,1.77,-00:24,0.09
TW02,06/09/2023 22:27,6.14,HW,06/09/2023 22:28,6,-00:01,0.14
TW02,07/09/2023 04:54,2.3,LW,07/09/2023 05:15,2.07,-00:21,0.23
TW02,07/09/2023 10:52,6.23,HW,07/09/2023 10:55,6.04,-00:03,0.19
TW02,07/09/2023 17:22,2.55,LW,07/09/2023 17:42,2.38,-00:20,0.17
TW02,07/09/2023 23:24,5.7,HW,07/09/2023 23:24,5.47,+00:00,0.23
TW02,08/09/2023 06:17,2.71,LW,08/09/2023 06:00,2.54,+00:17,0.17
TW02,08/09/2023 12:05,5.56,HW,08/09/2023 12:09,5.39,-00:04,0.18
TW02,08/09/2023 18:18,3.02,LW,08/09/2023 18:32,2.87,-00:14,0.15
TW02,09/09/2023 00:59,5.32,HW,09/09/2023 00:41,5.16,+00:18,0.17
TW02,09/09/2023 07:36,2.84,LW,09/09/2023 07:19,2.8,+00:17,0.04
TW02,09/09/2023 14:27,5.5,HW,09/09/2023 13:38,5.12,+00:49,0.37
TW02,09/09/2023 19:53,3.33,LW,09/09/2023 20:24,3.03,-00:31,0.3
TW02,10/09/2023 02:29,5.76,HW,10/09/2023 02:03,5.25,+00:26,0.51
TW02,10/09/2023 09:31,2.68,LW,10/09/2023 09:39,2.53,-00:08,0.14
TW02,10/09/2023 15:20,5.8,HW,10/09/2023 15:04,5.33,+00:16,0.47
TW02,10/09/2023 21:14,2.83,LW,10/09/2023 21:59,2.76,-00:45,0.07
TW02,11/09/2023 03:50,6.02,HW,11/09/2023 03:13,5.67,+00:37,0.35
TW02,11/09/2023 10:29,2.21,LW,11/09/2023 10:48,2.07,-00:19,0.14
TW02,11/09/2023 16:26,6.23,HW,11/09/2023 16:11,5.78,+00:15,0.46
TW02,11/09/2023 22:22,2.67,LW,11/09/2023 23:01,2.36,-00:39,0.31
TW02,12/09/2023 04:26,6.54,HW,12/09/2023 04:08,6.19,+00:18,0.35
TW02,12/09/2023 11:24,2.1,LW,12/09/2023 11:41,1.63,-00:17,0.47
TW02,12/09/2023 17:07,6.74,HW,12/09/2023 16:56,6.21,+00:11,0.54
TW02,12/09/2023 23:16,2.62,LW,12/09/2023 23:53,1.98,-00:37,0.64
TW02,13/09/2023 05:10,6.93,HW,13/09/2023 04:50,6.64,+00:20,0.3
TW02,13/09/2023 12:04,1.68,LW,13/09/2023 12:29,1.29,-00:25,0.39
TW02,13/09/2023 17:49,6.65,HW,13/09/2023 17:32,6.53,+00:17,0.12
TW02,14/09/2023 00:04,1.72,LW,14/09/2023 00:40,1.68,-00:36,0.04
TW02,14/09/2023 05:42,6.73,HW,14/09/2023 05:27,6.94,+00:15,-0.21
TW02,14/09/2023 12:36,1.18,LW,14/09/2023 13:15,1.07,-00:39,0.11
TW02,14/09/2023 18:19,7.1,HW,14/09/2023 18:03,6.74,+00:16,0.36
TW02,15/09/2023 00:21,2.01,LW,15/09/2023 01:22,1.48,#SPILL!,0.53
TW02,15/09/2023 05:52,7.52,HW,15/09/2023 06:01,7.12,-00:09,0.4
TW02,15/09/2023 13:33,1.36,LW,15/09/2023 13:57,0.97,-00:24,0.39
TW02,15/09/2023 18:41,7.21,HW,15/09/2023 18:34,6.87,+00:07,0.34
TW02,16/09/2023 00:56,1.57,LW,16/09/2023 02:03,1.39,#SPILL!,0.19
TW02,16/09/2023 06:40,7.53,HW,16/09/2023 06:34,7.21,+00:06,0.32
TW02,16/09/2023 14:01,1.3,LW,16/09/2023 14:33,0.95,-00:32,0.35
TW02,16/09/2023 19:04,7.36,HW,16/09/2023 19:02,6.95,+00:02,0.41
TW02,17/09/2023 01:30,1.49,LW,17/09/2023 02:34,1.37,#SPILL!,0.13
TW02,17/09/2023 07:03,7.51,HW,17/09/2023 07:06,7.23,-00:03,0.28
TW02,17/09/2023 14:19,1.16,LW,17/09/2023 14:58,1.02,-00:39,0.14
TW02,17/09/2023 19:36,7.19,HW,17/09/2023 19:30,6.96,+00:06,0.23
TW02,18/09/2023 01:23,1.35,LW,18/09/2023 02:56,1.38,#SPILL!,-0.04
TW02,18/09/2023 07:33,7.36,HW,18/09/2023 07:36,7.19,-00:03,0.17
TW02,18/09/2023 14:34,1.22,LW,18/09/2023 15:19,1.15,-00:45,0.07
TW02,18/09/2023 20:02,7.31,HW,18/09/2023 19:57,6.91,+00:05,0.41
TW02,19/09/2023 02:37,1.5,LW,19/09/2023 03:16,1.43,-00:39,0.07
TW02,19/09/2023 07:58,7.11,HW,19/09/2023 08:03,7.1,-00:05,0.01
TW02,19/09/2023 14:58,1.14,LW,19/09/2023 15:37,1.31,-00:39,-0.16
TW02,19/09/2023 20:34,6.98,HW,19/09/2023 20:24,6.77,+00:10,0.22
TW02,20/09/2023 03:33,1.34,LW,20/09/2023 03:37,1.53,-00:04,-0.19
TW02,20/09/2023 08:35,6.68,HW,20/09/2023 08:32,6.92,+00:03,-0.24
TW02,20/09/2023 15:10,1.21,LW,20/09/2023 15:56,1.51,-00:46,-0.31
TW02,20/09/2023 21:05,6.92,HW,20/09/2023 20:53,6.52,+00:12,0.4
TW02,21/09/2023 03:16,1.96,LW,21/09/2023 04:02,1.71,-00:46,0.25
TW02,21/09/2023 09:09,6.78,HW,21/09/2023 09:06,6.59,+00:03,0.19
TW02,21/09/2023 15:51,1.99,LW,21/09/2023 16:20,1.82,-00:29,0.18
TW02,21/09/2023 21:34,6.45,HW,21/09/2023 21:29,6.16,+00:05,0.29
TW02,22/09/2023 03:51,2.35,LW,22/09/2023 04:34,2,-00:43,0.35
TW02,22/09/2023 09:50,6.43,HW,22/09/2023 09:52,6.11,-00:02,0.33
TW02,22/09/2023 16:28,2.47,LW,22/09/2023 16:57,2.23,-00:29,0.24
TW02,22/09/2023 22:23,6.16,HW,22/09/2023 22:17,5.7,+00:06,0.46
TW02,23/09/2023 04:42,2.75,LW,23/09/2023 05:22,2.36,-00:40,0.39
TW02,23/09/2023 10:39,5.88,HW,23/09/2023 10:56,5.55,-00:17,0.33
TW02,23/09/2023 17:31,2.79,LW,23/09/2023 17:58,2.66,-00:27,0.13
TW02,23/09/2023 23:27,5.53,HW,23/09/2023 23:31,5.31,-00:04,0.22
TW02,24/09/2023 06:16,2.39,LW,24/09/2023 06:38,2.57,-00:22,-0.18
TW02,24/09/2023 13:20,5.32,HW,24/09/2023 12:46,5.26,+00:34,0.06
TW02,24/09/2023 18:47,2.67,LW,24/09/2023 19:25,2.78,-00:38,-0.12
TW02,25/09/2023 01:30,5.29,HW,25/09/2023 01:26,5.38,+00:04,-0.09
TW02,25/09/2023 07:47,2.47,LW,25/09/2023 08:20,2.36,-00:33,0.1
TW02,25/09/2023 14:58,6.16,HW,25/09/2023 14:37,5.66,+00:21,0.51
TW02,25/09/2023 21:19,3,LW,25/09/2023 21:15,2.48,+00:04,0.52
TW02,26/09/2023 02:41,6.48,HW,26/09/2023 02:50,5.96,-00:09,0.52
TW02,26/09/2023 10:12,2.17,LW,26/09/2023 10:08,1.79,+00:04,0.38
TW02,26/09/2023 15:56,6.47,HW,26/09/2023 15:47,6.34,+00:09,0.13
TW02,26/09/2023 21:50,2.19,LW,26/09/2023 22:36,1.97,-00:46,0.22
TW02,27/09/2023 03:55,6.88,HW,27/09/2023 03:48,6.68,+00:07,0.21
TW02,27/09/2023 11:09,1.62,LW,27/09/2023 11:21,1.14,-00:12,0.47
TW02,27/09/2023 16:46,7.14,HW,27/09/2023 16:42,6.98,+00:04,0.16
TW02,27/09/2023 23:38,1.44,LW,27/09/2023 23:40,1.47,-00:02,-0.03
TW02,28/09/2023 04:52,6.97,HW,28/09/2023 04:38,7.33,+00:14,-0.36
TW02,28/09/2023 12:00,0.75,LW,28/09/2023 12:22,0.62,-00:22,0.13
TW02,28/09/2023 17:40,7.54,HW,28/09/2023 17:30,7.44,+00:10,0.1
TW02,28/09/2023 23:56,1.41,LW,29/09/2023 00:36,1.06,-00:40,0.35
TW02,29/09/2023 05:20,8.08,HW,29/09/2023 05:24,7.83,-00:04,0.26
TW02,29/09/2023 13:08,0.71,LW,29/09/2023 13:17,0.28,-00:09,0.43
TW02,29/09/2023 18:19,7.95,HW,29/09/2023 18:12,7.7,+00:07,0.25
TW02,30/09/2023 00:26,1.32,LW,30/09/2023 01:30,0.78,#SPILL!,0.54
TW02,30/09/2023 06:08,8.48,HW,30/09/2023 06:07,8.14,+00:01,0.35
TW02,30/09/2023 13:58,0.63,LW,30/09/2023 14:07,0.14,-00:09,0.49
TW02,30/09/2023 18:58,7.79,HW,30/09/2023 18:52,7.77,+00:06,0.02
TW02,01/10/2023 01:34,0.72,LW,01/10/2023 02:19,0.65,-00:45,0.07
TW02,01/10/2023 06:58,8.12,HW,01/10/2023 06:50,8.25,+00:08,-0.13
TW02,01/10/2023 14:31,0.5,LW,01/10/2023 14:46,0.21,-00:15,0.29
TW02,01/10/2023 19:32,7.88,HW,01/10/2023 19:28,7.68,+00:04,0.2
TW02,02/10/2023 01:48,1.13,LW,02/10/2023 02:53,0.67,#SPILL!,0.46
TW02,02/10/2023 07:26,8.34,HW,02/10/2023 07:31,8.14,-00:05,0.19
TW02,02/10/2023 15:02,0.91,LW,02/10/2023 15:16,0.48,-00:14,0.43
TW02,02/10/2023 20:04,7.68,HW,02/10/2023 20:01,7.45,+00:03,0.23
TW02,03/10/2023 02:33,1.48,LW,03/10/2023 03:23,0.86,-00:50,0.62
TW02,03/10/2023 08:05,8.01,HW,03/10/2023 08:10,7.81,-00:05,0.19
TW02,03/10/2023 15:14,1.25,LW,03/10/2023 15:43,0.91,-00:29,0.34
TW02,03/10/2023 20:35,7.34,HW,03/10/2023 20:33,7.09,+00:02,0.25
TW02,04/10/2023 02:58,1.64,LW,04/10/2023 03:50,1.18,-00:52,0.46
TW02,04/10/2023 08:55,7.14,HW,04/10/2023 08:50,7.27,+00:05,-0.13
TW02,04/10/2023 15:30,1.4,LW,04/10/2023 16:07,1.44,-00:37,-0.04
TW02,04/10/2023 21:18,6.61,HW,04/10/2023 21:05,6.62,+00:13,-0.01
TW02,05/10/2023 03:27,1.93,LW,05/10/2023 04:16,1.6,-00:49,0.33
TW02,05/10/2023 09:27,6.62,HW,05/10/2023 09:31,6.55,-00:04,0.07
TW02,05/10/2023 15:57,2.01,LW,05/10/2023 16:31,2.01,-00:34,0.01
TW02,05/10/2023 21:49,5.9,HW,05/10/2023 21:40,6.07,+00:09,-0.17
TW02,06/10/2023 04:11,1.96,LW,06/10/2023 04:47,2.07,-00:36,-0.12
TW02,06/10/2023 10:43,5.78,HW,06/10/2023 10:22,5.77,+00:21,0
TW02,06/10/2023 16:25,3.07,LW,06/10/2023 17:03,2.57,-00:38,0.5
TW02,06/10/2023 22:13,6.21,HW,06/10/2023 22:28,5.51,-00:15,0.71
TW02,07/10/2023 05:21,2.67,LW,07/10/2023 05:30,2.54,-00:09,0.13
TW02,07/10/2023 12:32,5.27,HW,07/10/2023 11:41,5.13,+00:51,0.14
TW02,07/10/2023 16:59,3.33,LW,07/10/2023 17:51,3.06,-00:52,0.27
TW02,08/10/2023 00:25,5.58,HW,07/10/2023 23:58,5.11,+00:27,0.47
TW02,08/10/2023 07:42,2.74,LW,08/10/2023 06:42,2.82,+01:00,-0.08
TW02,08/10/2023 14:10,5.2,HW,08/10/2023 13:14,4.95,+00:56,0.25
TW02,08/10/2023 19:24,3.2,LW,08/10/2023 19:18,3.26,+00:06,-0.07
TW02,09/10/2023 02:03,5.66,HW,09/10/2023 01:29,5.18,+00:34,0.48
TW02,09/10/2023 08:48,2.76,LW,09/10/2023 09:06,2.57,-00:18,0.19
TW02,09/10/2023 14:57,5.7,HW,09/10/2023 14:34,5.23,+00:23,0.47
TW02,09/10/2023 21:00,3.08,LW,09/10/2023 21:25,2.94,-00:25,0.14
TW02,10/10/2023 03:23,5.78,HW,10/10/2023 02:40,5.6,+00:43,0.18
TW02,10/10/2023 09:43,2.1,LW,10/10/2023 10:12,2.11,-00:29,-0.01
TW02,10/10/2023 16:00,5.93,HW,10/10/2023 15:37,5.73,+00:23,0.21
TW02,10/10/2023 21:55,2.55,LW,10/10/2023 22:28,2.47,-00:33,0.08
TW02,11/10/2023 03:54,6.56,HW,11/10/2023 03:35,6.12,+00:19,0.45
TW02,11/10/2023 10:48,2.31,LW,11/10/2023 11:03,1.68,-00:15,0.63
TW02,11/10/2023 16:28,6.79,HW,11/10/2023 16:22,6.21,+00:06,0.58
TW02,11/10/2023 22:31,2.85,LW,11/10/2023 23:17,2.05,-00:46,0.8
TW02,12/10/2023 04:20,7.16,HW,12/10/2023 04:18,6.56,+00:02,0.61
TW02,12/10/2023 11:50,1.73,LW,12/10/2023 11:49,1.35,+00:01,0.38
TW02,12/10/2023 17:22,6.6,HW,12/10/2023 16:57,6.57,+00:25,0.03
TW02,12/10/2023 23:18,1.78,LW,13/10/2023 00:03,1.72,-00:45,0.06
TW02,13/10/2023 05:03,7.04,HW,13/10/2023 04:53,6.87,+00:10,0.18
TW02,13/10/2023 12:08,1.57,LW,13/10/2023 12:33,1.13,-00:25,0.44
TW02,13/10/2023 17:31,7.47,HW,13/10/2023 17:29,6.82,+00:02,0.64
TW02,13/10/2023 23:38,2.23,LW,14/10/2023 00:46,1.51,#SPILL!,0.72
TW02,14/10/2023 05:32,7.86,HW,14/10/2023 05:27,7.07,+00:05,0.79
TW02,14/10/2023 12:49,1.99,LW,14/10/2023 13:15,1.02,-00:26,0.97
TW02,14/10/2023 17:54,7.6,HW,14/10/2023 17:57,6.99,-00:03,0.61
TW02,15/10/2023 00:32,2.07,LW,15/10/2023 01:25,1.38,-00:53,0.69
TW02,15/10/2023 06:13,7.64,HW,15/10/2023 06:01,7.19,+00:12,0.45
TW02,15/10/2023 13:29,1.44,LW,15/10/2023 13:55,0.99,-00:26,0.44
TW02,15/10/2023 18:36,7.29,HW,15/10/2023 18:29,7.09,+00:07,0.2
TW02,16/10/2023 01:04,1.4,LW,16/10/2023 02:03,1.32,-00:59,0.08
TW02,16/10/2023 06:40,7.47,HW,16/10/2023 06:35,7.25,+00:05,0.22
TW02,16/10/2023 13:41,1.13,LW,16/10/2023 14:30,1.05,-00:49,0.08
TW02,16/10/2023 19:01,7.47,HW,16/10/2023 18:59,7.12,+00:02,0.34
TW02,17/10/2023 01:36,1.45,LW,17/10/2023 02:33,1.3,-00:57,0.14
TW02,17/10/2023 07:07,7.56,HW,17/10/2023 07:07,7.25,+00:00,0.31
TW02,17/10/2023 14:13,1.36,LW,17/10/2023 14:52,1.15,-00:39,0.21
TW02,17/10/2023 19:35,7.5,HW,17/10/2023 19:28,7.08,+00:07,0.42
TW02,18/10/2023 02:08,1.5,LW,18/10/2023 02:56,1.33,-00:48,0.17
TW02,18/10/2023 07:38,7.39,HW,18/10/2023 07:39,7.15,-00:01,0.24
TW02,18/10/2023 14:49,1.48,LW,18/10/2023 15:13,1.31,-00:24,0.17
TW02,18/10/2023 19:56,7.34,HW,18/10/2023 19:56,6.95,+00:00,0.39
TW02,19/10/2023 02:36,1.28,LW,19/10/2023 03:22,1.42,-00:46,-0.14
TW02,19/10/2023 08:23,6.98,HW,19/10/2023 08:12,6.93,+00:11,0.05
TW02,19/10/2023 14:44,1.49,LW,19/10/2023 15:36,1.55,-00:52,-0.06
TW02,19/10/2023 20:43,6.64,HW,19/10/2023 20:28,6.7,+00:15,-0.06
TW02,20/10/2023 02:47,1.71,LW,20/10/2023 03:49,1.62,#SPILL!,0.09
TW02,20/10/2023 09:07,6.88,HW,20/10/2023 08:51,6.54,+00:16,0.34
TW02,20/10/2023 15:46,2.48,LW,20/10/2023 16:05,1.9,-00:19,0.58
TW02,20/10/2023 21:09,6.87,HW,20/10/2023 21:06,6.32,+00:03,0.55
TW02,21/10/2023 03:33,2.33,LW,21/10/2023 04:25,1.92,-00:52,0.42
TW02,21/10/2023 10:03,6.46,HW,21/10/2023 09:43,6,+00:20,0.46
TW02,21/10/2023 15:59,2.77,LW,21/10/2023 16:46,2.34,-00:47,0.43
TW02,21/10/2023 22:09,6.18,HW,21/10/2023 21:59,5.86,+00:10,0.32
TW02,22/10/2023 04:47,2.25,LW,22/10/2023 05:20,2.24,-00:33,0.02
TW02,22/10/2023 11:26,5.77,HW,22/10/2023 10:56,5.48,+00:30,0.29
TW02,22/10/2023 16:53,3.08,LW,22/10/2023 17:48,2.74,-00:55,0.35
TW02,22/10/2023 23:22,6.1,HW,22/10/2023 23:15,5.5,+00:07,0.6
TW02,23/10/2023 06:30,2.69,LW,23/10/2023 06:36,2.34,-00:06,0.35
TW02,23/10/2023 13:11,5.93,HW,23/10/2023 12:57,5.39,+00:14,0.54
TW02,23/10/2023 18:35,3.09,LW,23/10/2023 19:09,2.8,-00:34,0.29
TW02,24/10/2023 01:12,6.04,HW,24/10/2023 01:03,5.61,+00:09,0.43
TW02,24/10/2023 08:14,2.43,LW,24/10/2023 08:08,2.07,+00:06,0.36
TW02,24/10/2023 14:29,6.33,HW,24/10/2023 14:23,5.85,+00:06,0.48
TW02,24/10/2023 20:21,2.86,LW,24/10/2023 20:47,2.47,-00:26,0.39
TW02,25/10/2023 02:11,6.72,HW,25/10/2023 02:22,6.16,-00:11,0.56
TW02,25/10/2023 09:28,1.97,LW,25/10/2023 09:40,1.55,-00:12,0.42
TW02,25/10/2023 15:38,6.77,HW,25/10/2023 15:27,6.47,+00:11,0.31
TW02,25/10/2023 21:36,2.3,LW,25/10/2023 22:05,1.97,-00:29,0.33
TW02,26/10/2023 03:21,7.14,HW,26/10/2023 03:20,6.8,+00:01,0.34
TW02,26/10/2023 10:35,1.42,LW,26/10/2023 10:49,1.05,-00:14,0.37
TW02,26/10/2023 16:30,7.04,HW,26/10/2023 16:19,7,+00:11,0.04
TW02,26/10/2023 22:26,1.68,LW,26/10/2023 23:08,1.5,-00:42,0.18
TW02,27/10/2023 04:15,7.69,HW,27/10/2023 04:11,7.36,+00:04,0.33
TW02,27/10/2023 11:31,1.13,LW,27/10/2023 11:48,0.68,-00:17,0.45
TW02,27/10/2023 17:06,7.53,HW,27/10/2023 17:02,7.36,+00:04,0.16
TW02,27/10/2023 23:18,1.45,LW,28/10/2023 00:05,1.13,-00:47,0.32
TW02,28/10/2023 05:00,7.98,HW,28/10/2023 04:56,7.74,+00:04,0.24
TW02,28/10/2023 12:39,0.93,LW,28/10/2023 12:42,0.5,-00:03,0.43
TW02,28/10/2023 17:43,7.71,HW,28/10/2023 17:43,7.55,+00:00,0.16
TW02,29/10/2023 00:07,1.21,LW,29/10/2023 00:58,0.89,-00:51,0.32
TW02,29/10/2023 05:45,8.02,HW,29/10/2023 05:41,7.93,+00:04,0.09
TW02,29/10/2023 12:45,0.83,LW,29/10/2023 13:32,0.48,-00:47,0.35
TW02,29/10/2023 18:28,7.81,HW,29/10/2023 18:20,7.59,+00:08,0.23
TW02,30/10/2023 00:54,1.28,LW,30/10/2023 01:48,0.78,-00:54,0.49
TW02,30/10/2023 06:25,8.22,HW,30/10/2023 06:25,7.95,+00:00,0.27
TW02,30/10/2023 13:33,1.12,LW,30/10/2023 14:18,0.62,-00:45,0.5
TW02,30/10/2023 18:57,7.88,HW,30/10/2023 18:57,7.52,+00:00,0.36
TW02,31/10/2023 01:25,1.3,LW,31/10/2023 02:32,0.82,#SPILL!,0.49
TW02,31/10/2023 07:09,8.06,HW,31/10/2023 07:08,7.78,+00:01,0.28
TW02,31/10/2023 13:58,1.39,LW,31/10/2023 14:50,0.88,-00:52,0.51
TW02,31/10/2023 19:35,7.54,HW,31/10/2023 19:30,7.35,+00:05,0.19
TW02,01/11/2023 02:03,1.33,LW,01/11/2023 03:03,0.98,-01:00,0.35
TW02,01/11/2023 07:48,7.51,HW,01/11/2023 07:48,7.44,+00:00,0.08
TW02,01/11/2023 14:31,1.33,LW,01/11/2023 15:16,1.24,-00:45,0.09
TW02,01/11/2023 20:06,7.13,HW,01/11/2023 20:02,7.07,+00:04,0.06
TW02,02/11/2023 02:33,1.55,LW,02/11/2023 03:31,1.26,-00:58,0.29
TW02,02/11/2023 08:26,6.97,HW,02/11/2023 08:28,6.93,-00:02,0.04
TW02,02/11/2023 14:41,2.18,LW,02/11/2023 15:40,1.66,-00:59,0.52
TW02,02/11/2023 20:29,7.42,HW,02/11/2023 20:33,6.7,-00:04,0.72
TW02,03/11/2023 03:49,2.19,LW,03/11/2023 03:57,1.61,-00:08,0.58
TW02,03/11/2023 09:25,6.71,HW,03/11/2023 09:09,6.32,+00:16,0.38
TW02,03/11/2023 15:14,2.52,LW,03/11/2023 16:05,2.1,-00:51,0.42
TW02,03/11/2023 21:23,6.64,HW,03/11/2023 21:06,6.25,+00:17,0.39
TW02,04/11/2023 04:12,2.43,LW,04/11/2023 04:28,2.01,-00:16,0.43
TW02,04/11/2023 10:13,6.06,HW,04/11/2023 09:58,5.68,+00:15,0.38
TW02,04/11/2023 16:02,3.12,LW,04/11/2023 16:37,2.56,-00:35,0.56
TW02,04/11/2023 22:05,6.31,HW,04/11/2023 21:49,5.75,+00:16,0.56
TW02,05/11/2023 05:03,3.05,LW,05/11/2023 05:11,2.39,-00:08,0.66
TW02,05/11/2023 11:33,5.96,HW,05/11/2023 11:09,5.16,+00:24,0.79
TW02,05/11/2023 17:01,3.72,LW,05/11/2023 17:21,2.96,-00:20,0.76
TW02,05/11/2023 23:25,5.83,HW,05/11/2023 23:03,5.32,+00:22,0.51
TW02,06/11/2023 05:54,2.99,LW,06/11/2023 06:12,2.63,-00:18,0.36
TW02,06/11/2023 13:10,5.69,HW,06/11/2023 12:35,4.99,+00:35,0.7
TW02,06/11/2023 18:31,3.6,LW,06/11/2023 18:27,3.19,+00:04,0.42
TW02,07/11/2023 00:58,5.73,HW,07/11/2023 00:40,5.24,+00:18,0.49
TW02,07/11/2023 08:08,2.69,LW,07/11/2023 07:44,2.56,+00:24,0.13
TW02,07/11/2023 14:22,5.76,HW,07/11/2023 13:48,5.19,+00:34,0.57
TW02,07/11/2023 20:11,3.29,LW,07/11/2023 20:06,3.06,+00:05,0.23
TW02,08/11/2023 02:09,5.92,HW,08/11/2023 01:54,5.51,+00:15,0.41
TW02,08/11/2023 09:31,2.24,LW,08/11/2023 09:10,2.23,+00:21,0.01
TW02,08/11/2023 15:28,5.84,HW,08/11/2023 14:48,5.59,+00:40,0.25
TW02,08/11/2023 20:53,2.85,LW,08/11/2023 21:31,2.68,-00:38,0.17
TW02,09/11/2023 03:17,6.46,HW,09/11/2023 02:50,5.9,+00:27,0.56
TW02,09/11/2023 10:02,2.32,LW,09/11/2023 10:06,1.87,-00:04,0.45
TW02,09/11/2023 15:36,6.54,HW,09/11/2023 15:36,6.03,+00:00,0.51
TW02,09/11/2023 21:40,2.66,LW,09/11/2023 22:28,2.28,-00:48,0.38
TW02,10/11/2023 03:51,6.76,HW,10/11/2023 03:34,6.29,+00:17,0.47
TW02,10/11/2023 10:22,2.05,LW,10/11/2023 10:56,1.57,-00:34,0.48
TW02,10/11/2023 16:18,6.84,HW,10/11/2023 16:15,6.41,+00:03,0.43
TW02,10/11/2023 22:42,2.31,LW,10/11/2023 23:15,1.94,-00:33,0.37
TW02,11/11/2023 04:20,6.99,HW,11/11/2023 04:13,6.61,+00:07,0.38
TW02,11/11/2023 11:18,1.74,LW,11/11/2023 11:43,1.34,-00:25,0.39
TW02,11/11/2023 16:59,6.9,HW,11/11/2023 16:48,6.71,+00:11,0.19
TW02,11/11/2023 23:16,1.85,LW,12/11/2023 00:00,1.68,-00:44,0.17
TW02,12/11/2023 05:01,7.11,HW,12/11/2023 04:50,6.86,+00:11,0.25
TW02,12/11/2023 11:43,1.4,LW,12/11/2023 12:28,1.21,-00:45,0.19
TW02,12/11/2023 17:25,7.17,HW,12/11/2023 17:22,6.93,+00:03,0.24
TW02,12/11/2023 23:52,1.56,LW,13/11/2023 00:43,1.49,-00:51,0.07
TW02,13/11/2023 05:36,7.23,HW,13/11/2023 05:28,7.04,+00:08,0.19
TW02,13/11/2023 12:47,0.81,LW,13/11/2023 13:12,1.14,-00:25,-0.33
TW02,13/11/2023 18:17,6.99,HW,13/11/2023 17:55,7.08,+00:22,-0.09
TW02,14/11/2023 00:22,1.52,LW,14/11/2023 01:25,1.35,#SPILL!,0.18
TW02,14/11/2023 05:51,7.3,HW,14/11/2023 06:06,7.16,-00:15,0.15
TW02,14/11/2023 12:52,1.46,LW,14/11/2023 13:52,1.14,-01:00,0.33
TW02,14/11/2023 18:34,7.45,HW,14/11/2023 18:31,7.16,+00:03,0.29
TW02,15/11/2023 01:12,1.43,LW,15/11/2023 02:07,1.26,-00:55,0.17
TW02,15/11/2023 06:50,7.32,HW,15/11/2023 06:45,7.19,+00:05,0.13
TW02,15/11/2023 13:23,1.18,LW,15/11/2023 14:30,1.2,#SPILL!,-0.02
TW02,15/11/2023 19:11,7.38,HW,15/11/2023 19:04,7.17,+00:07,0.22
TW02,16/11/2023 01:40,1.46,LW,16/11/2023 02:42,1.23,#SPILL!,0.23
TW02,16/11/2023 07:26,7.23,HW,16/11/2023 07:24,7.11,+00:02,0.12
TW02,16/11/2023 13:55,1.43,LW,16/11/2023 14:58,1.33,#SPILL!,0.1
TW02,16/11/2023 19:39,7.34,HW,16/11/2023 19:39,7.08,+00:00,0.26
TW02,17/11/2023 02:18,1.41,LW,17/11/2023 03:13,1.29,-00:55,0.12
TW02,17/11/2023 08:06,7.06,HW,17/11/2023 08:05,6.89,+00:01,0.16
TW02,17/11/2023 14:36,1.63,LW,17/11/2023 15:27,1.56,-00:51,0.07
TW02,17/11/2023 20:18,7.04,HW,17/11/2023 20:15,6.88,+00:03,0.17
TW02,18/11/2023 03:02,1.49,LW,18/11/2023 03:48,1.44,-00:46,0.05
TW02,18/11/2023 08:56,6.3,HW,18/11/2023 08:51,6.53,+00:05,-0.23
TW02,18/11/2023 15:13,1.46,LW,18/11/2023 16:02,1.87,-00:49,-0.41
TW02,18/11/2023 21:09,6.46,HW,18/11/2023 20:58,6.57,+00:11,-0.12
TW02,19/11/2023 03:50,1.53,LW,19/11/2023 04:30,1.66,-00:40,-0.13
TW02,19/11/2023 09:53,6.28,HW,19/11/2023 09:48,6.08,+00:05,0.2
TW02,19/11/2023 16:01,2.45,LW,19/11/2023 16:45,2.24,-00:44,0.22
TW02,19/11/2023 21:55,6.59,HW,19/11/2023 21:53,6.21,+00:02,0.38
TW02,20/11/2023 04:52,2.06,LW,20/11/2023 05:24,1.86,-00:32,0.2
TW02,20/11/2023 11:26,6.19,HW,20/11/2023 11:05,5.73,+00:21,0.47
TW02,20/11/2023 17:07,2.61,LW,20/11/2023 17:42,2.52,-00:35,0.09
TW02,20/11/2023 23:13,6.42,HW,20/11/2023 23:05,5.96,+00:08,0.46
TW02,21/11/2023 06:15,2.24,LW,21/11/2023 06:28,1.9,-00:13,0.34
TW02,21/11/2023 12:44,6.07,HW,21/11/2023 12:37,5.71,+00:07,0.36
TW02,21/11/2023 18:43,2.62,LW,21/11/2023 18:49,2.58,-00:06,0.04
TW02,22/11/2023 00:40,6.08,HW,22/11/2023 00:30,6.01,+00:10,0.06
TW02,22/11/2023 07:36,1.61,LW,22/11/2023 07:39,1.74,-00:03,-0.13
TW02,22/11/2023 14:11,6.01,HW,22/11/2023 13:51,5.99,+00:20,0.02
TW02,22/11/2023 19:55,2.62,LW,22/11/2023 20:06,2.38,-00:11,0.24
TW02,23/11/2023 01:53,6.58,HW,23/11/2023 01:45,6.34,+00:08,0.24
TW02,23/11/2023 08:56,1.87,LW,23/11/2023 09:00,1.46,-00:04,0.4
TW02,23/11/2023 15:21,6.89,HW,23/11/2023 14:54,6.37,+00:27,0.52
TW02,23/11/2023 21:04,3.16,LW,23/11/2023 21:24,2.03,-00:20,1.13
TW02,24/11/2023 02:33,7.43,HW,24/11/2023 02:46,6.74,-00:13,0.69
TW02,24/11/2023 09:47,2.61,LW,24/11/2023 10:09,1.2,-00:22,1.41
TW02,24/11/2023 15:56,7.54,HW,24/11/2023 15:46,6.73,+00:10,0.81
TW02,24/11/2023 22:55,2.48,LW,24/11/2023 22:31,1.67,+00:24,0.82
TW02,25/11/2023 03:57,7.47,HW,25/11/2023 03:41,7.09,+00:16,0.38
TW02,25/11/2023 10:50,1.76,LW,25/11/2023 11:10,1.03,-00:20,0.74
TW02,25/11/2023 16:52,7.07,HW,25/11/2023 16:32,7,+00:20,0.07
TW02,25/11/2023 22:55,1.64,LW,25/11/2023 23:33,1.36,-00:38,0.28
TW02,26/11/2023 04:38,7.41,HW,26/11/2023 04:31,7.32,+00:07,0.09
TW02,26/11/2023 11:51,1.09,LW,26/11/2023 12:06,0.96,-00:15,0.13
TW02,26/11/2023 17:21,7.2,HW,26/11/2023 17:13,7.16,+00:08,0.04
TW02,26/11/2023 23:37,1.44,LW,27/11/2023 00:29,1.15,-00:52,0.28
TW02,27/11/2023 05:18,7.66,HW,27/11/2023 05:20,7.42,-00:02,0.25
TW02,27/11/2023 12:12,1.41,LW,27/11/2023 12:58,0.99,-00:46,0.42
TW02,27/11/2023 18:01,7.5,HW,27/11/2023 17:52,7.24,+00:09,0.26
TW02,28/11/2023 00:28,1.58,LW,28/11/2023 01:21,1.05,-00:53,0.54
TW02,28/11/2023 06:13,7.52,HW,28/11/2023 06:07,7.39,+00:06,0.13
TW02,28/11/2023 12:40,1.4,LW,28/11/2023 13:45,1.1,#SPILL!,0.3
TW02,28/11/2023 18:22,7.52,HW,28/11/2023 18:31,7.25,-00:09,0.27
TW02,29/11/2023 01:21,1.66,LW,29/11/2023 02:12,1.04,-00:51,0.61
TW02,29/11/2023 06:57,7.33,HW,29/11/2023 06:52,7.24,+00:05,0.08
TW02,29/11/2023 13:24,1.51,LW,29/11/2023 14:27,1.28,#SPILL!,0.23
TW02,29/11/2023 19:03,7.3,HW,29/11/2023 19:07,7.18,-00:04,0.12
TW02,30/11/2023 01:44,1.44,LW,30/11/2023 02:48,1.14,#SPILL!,0.3
TW02,30/11/2023 07:41,7.14,HW,30/11/2023 07:34,6.99,+00:07,0.15
TW02,30/11/2023 14:04,1.73,LW,30/11/2023 14:55,1.5,-00:51,0.23
TW02,30/11/2023 19:43,7.17,HW,30/11/2023 19:41,7.03,+00:02,0.15
TW02,01/12/2023 02:35,1.62,LW,01/12/2023 03:17,1.32,-00:42,0.29
TW02,01/12/2023 08:08,6.8,HW,01/12/2023 08:14,6.64,-00:06,0.16
TW02,01/12/2023 14:23,1.88,LW,01/12/2023 15:21,1.76,-00:58,0.12
TW02,01/12/2023 20:15,7,HW,01/12/2023 20:13,6.79,+00:02,0.21
TW02,02/12/2023 03:09,1.83,LW,02/12/2023 03:46,1.57,-00:37,0.27
TW02,02/12/2023 08:59,6.4,HW,02/12/2023 08:52,6.23,+00:07,0.17
TW02,02/12/2023 15:05,2.16,LW,02/12/2023 15:48,2.04,-00:43,0.12
TW02,02/12/2023 20:45,6.58,HW,02/12/2023 20:47,6.47,-00:02,0.11
TW02,03/12/2023 03:53,1.87,LW,03/12/2023 04:17,1.84,-00:24,0.04
TW02,03/12/2023 09:43,5.77,HW,03/12/2023 09:35,5.81,+00:08,-0.04
TW02,03/12/2023 15:37,2.42,LW,03/12/2023 16:18,2.34,-00:41,0.08
TW02,03/12/2023 21:33,6.28,HW,03/12/2023 21:26,6.1,+00:07,0.18
TW02,04/12/2023 04:48,2.21,LW,04/12/2023 04:55,2.1,-00:07,0.11
TW02,04/12/2023 10:39,5.62,HW,04/12/2023 10:27,5.44,+00:12,0.19
TW02,04/12/2023 16:23,2.74,LW,04/12/2023 16:55,2.63,-00:32,0.12
TW02,04/12/2023 22:29,6.09,HW,04/12/2023 22:18,5.73,+00:11,0.36
TW02,05/12/2023 05:46,2.63,LW,05/12/2023 05:42,2.3,+00:04,0.34
TW02,05/12/2023 11:58,5.69,HW,05/12/2023 11:32,5.22,+00:26,0.47
TW02,05/12/2023 17:17,3.08,LW,05/12/2023 17:43,2.85,-00:26,0.23
TW02,05/12/2023 23:30,5.76,HW,05/12/2023 23:30,5.49,+00:00,0.27
TW02,06/12/2023 06:41,2.51,LW,06/12/2023 06:35,2.37,+00:06,0.15
TW02,06/12/2023 13:01,5.46,HW,06/12/2023 12:40,5.21,+00:21,0.25
TW02,06/12/2023 18:30,2.98,LW,06/12/2023 18:41,2.93,-00:11,0.05
TW02,07/12/2023 00:48,5.61,HW,07/12/2023 00:42,5.48,+00:06,0.13
TW02,07/12/2023 08:03,2.23,LW,07/12/2023 07:34,2.29,+00:29,-0.06
TW02,07/12/2023 14:16,5.28,HW,07/12/2023 13:42,5.4,+00:34,-0.12
TW02,07/12/2023 19:52,2.6,LW,07/12/2023 19:50,2.82,+00:02,-0.21
TW02,08/12/2023 02:18,5.32,HW,08/12/2023 01:45,5.65,+00:33,-0.34
TW02,08/12/2023 08:26,2.08,LW,08/12/2023 08:46,2.11,-00:20,-0.03
TW02,08/12/2023 15:00,5.86,HW,08/12/2023 14:36,5.71,+00:24,0.16
TW02,08/12/2023 20:45,2.58,LW,08/12/2023 21:07,2.56,-00:22,0.02
TW02,09/12/2023 02:37,6.06,HW,09/12/2023 02:39,5.93,-00:02,0.13
TW02,09/12/2023 09:47,1.91,LW,09/12/2023 09:51,1.88,-00:04,0.03
TW02,09/12/2023 15:47,6.02,HW,09/12/2023 15:24,6.05,+00:23,-0.04
TW02,09/12/2023 21:38,1.92,LW,09/12/2023 22:12,2.25,-00:34,-0.33
TW02,10/12/2023 03:42,6.62,HW,10/12/2023 03:28,6.24,+00:14,0.38
TW02,10/12/2023 10:32,1.88,LW,10/12/2023 10:48,1.66,-00:16,0.22
TW02,10/12/2023 16:24,6.58,HW,10/12/2023 16:08,6.39,+00:16,0.19
TW02,10/12/2023 22:22,2,LW,10/12/2023 23:09,1.94,-00:47,0.06
TW02,11/12/2023 04:51,7.02,HW,11/12/2023 04:15,6.53,+00:36,0.48
TW02,11/12/2023 10:51,1.89,LW,11/12/2023 11:41,1.48,-00:50,0.42
TW02,11/12/2023 16:45,7.18,HW,11/12/2023 16:48,6.68,-00:03,0.49
TW02,11/12/2023 23:22,1.87,LW,12/12/2023 00:02,1.65,-00:40,0.21
TW02,12/12/2023 05:04,7.02,HW,12/12/2023 04:59,6.79,+00:05,0.23
TW02,12/12/2023 11:37,1.47,LW,12/12/2023 12:32,1.34,-00:55,0.13
TW02,12/12/2023 17:31,7.18,HW,12/12/2023 17:29,6.93,+00:02,0.25
TW02,12/12/2023 23:51,1.65,LW,13/12/2023 00:54,1.41,#SPILL!,0.25
TW02,13/12/2023 05:46,7.46,HW,13/12/2023 05:45,6.98,+00:01,0.48
TW02,13/12/2023 12:13,2.12,LW,13/12/2023 13:21,1.26,#SPILL!,0.86
TW02,13/12/2023 18:04,7.62,HW,13/12/2023 18:08,7.11,-00:04,0.51
TW02,14/12/2023 00:40,1.67,LW,14/12/2023 01:46,1.21,#SPILL!,0.46
TW02,14/12/2023 06:38,7.41,HW,14/12/2023 06:32,7.1,+00:06,0.31
TW02,14/12/2023 13:07,1.23,LW,14/12/2023 14:10,1.24,#SPILL!,-0.01
TW02,14/12/2023 18:44,7.71,HW,14/12/2023 18:49,7.23,-00:05,0.48
TW02,15/12/2023 01:45,1.51,LW,15/12/2023 02:35,1.08,-00:50,0.44
TW02,15/12/2023 07:15,7.25,HW,15/12/2023 07:18,7.1,-00:03,0.15
TW02,15/12/2023 13:35,1.43,LW,15/12/2023 14:49,1.29,#SPILL!,0.14
TW02,15/12/2023 19:25,7.3,HW,15/12/2023 19:29,7.26,-00:04,0.04
TW02,16/12/2023 14:31,1.51,LW,16/12/2023 15:23,1.41,-00:52,0.09
TW02,16/12/2023 20:11,7.37,HW,16/12/2023 20:10,7.2,+00:01,0.16
TW02,17/12/2023 03:33,1.28,LW,17/12/2023 03:52,1.06,-00:19,0.22
TW02,17/12/2023 08:56,6.7,HW,17/12/2023 08:54,6.77,+00:02,-0.07
TW02,17/12/2023 15:03,1.5,LW,17/12/2023 16:01,1.61,-00:58,-0.11
TW02,17/12/2023 20:49,7.34,HW,17/12/2023 20:55,7.04,-00:06,0.3
TW02,18/12/2023 04:28,1.58,LW,18/12/2023 04:34,1.18,-00:06,0.4
TW02,18/12/2023 09:58,6.68,HW,18/12/2023 09:49,6.47,+00:09,0.22
TW02,18/12/2023 16:01,1.71,LW,18/12/2023 16:42,1.85,-00:41,-0.14
TW02,18/12/2023 22:03,7.22,HW,18/12/2023 21:47,6.81,+00:16,0.41
TW02,19/12/2023 05:00,1.98,LW,19/12/2023 05:20,1.33,-00:20,0.66
TW02,19/12/2023 10:49,6.6,HW,19/12/2023 10:54,6.18,-00:05,0.42
TW02,19/12/2023 16:47,2.09,LW,19/12/2023 17:29,2.09,-00:42,0.01
TW02,19/12/2023 22:47,6.94,HW,19/12/2023 22:47,6.58,+00:00,0.36
TW02,20/12/2023 05:56,1.87,LW,20/12/2023 06:11,1.47,-00:15,0.4
TW02,20/12/2023 11:44,6.43,HW,20/12/2023 12:03,6.01,-00:19,0.43
TW02,20/12/2023 17:51,2.26,LW,20/12/2023 18:21,2.25,-00:30,0.01
TW02,20/12/2023 23:49,6.62,HW,20/12/2023 23:56,6.43,-00:07,0.19
TW02,21/12/2023 06:56,1.59,LW,21/12/2023 07:04,1.57,-00:08,0.02
TW02,21/12/2023 13:44,7.09,HW,21/12/2023 13:08,5.97,+00:36,1.11
TW02,21/12/2023 19:27,4.02,LW,21/12/2023 19:18,2.29,+00:09,1.73
TW02,22/12/2023 00:50,7.07,HW,22/12/2023 01:04,6.39,-00:14,0.68
TW02,22/12/2023 08:18,2.04,LW,22/12/2023 08:14,1.62,+00:04,0.43
TW02,22/12/2023 14:47,6.38,HW,22/12/2023 14:11,6.06,+00:36,0.33
TW02,22/12/2023 20:13,2.68,LW,22/12/2023 20:40,2.19,-00:27,0.49
TW02,23/12/2023 02:02,6.59,HW,23/12/2023 02:11,6.45,-00:09,0.15
TW02,23/12/2023 09:20,1.9,LW,23/12/2023 09:28,1.61,-00:08,0.29
TW02,23/12/2023 15:36,6.46,HW,23/12/2023 15:09,6.23,+00:27,0.23
TW02,23/12/2023 21:19,1.9,LW,23/12/2023 21:57,1.97,-00:38,-0.08
TW02,24/12/2023 03:34,6.6,HW,24/12/2023 03:15,6.56,+00:19,0.04
TW02,24/12/2023 10:09,1.55,LW,24/12/2023 10:35,1.57,-00:26,-0.02
TW02,24/12/2023 16:15,6.97,HW,24/12/2023 16:01,6.45,+00:14,0.53
TW02,24/12/2023 22:18,2.47,LW,24/12/2023 23:05,1.72,-00:47,0.75
TW02,25/12/2023 04:02,7.56,HW,25/12/2023 04:13,6.69,-00:11,0.87
TW02,25/12/2023 11:08,2.23,LW,25/12/2023 11:35,1.53,-00:27,0.7
TW02,25/12/2023 17:13,6.61,HW,25/12/2023 16:48,6.67,+00:25,-0.05
TW02,25/12/2023 22:57,1.59,LW,26/12/2023 00:08,1.48,#SPILL!,0.11
TW02,26/12/2023 05:28,7.12,HW,26/12/2023 05:06,6.78,+00:22,0.33
TW02,26/12/2023 11:55,2.01,LW,26/12/2023 12:30,1.51,-00:35,0.5
TW02,26/12/2023 17:24,7.22,HW,26/12/2023 17:31,6.85,-00:07,0.37
TW02,27/12/2023 00:23,1.73,LW,27/12/2023 01:05,1.31,-00:42,0.42
TW02,27/12/2023 06:08,6.9,HW,27/12/2023 05:57,6.82,+00:11,0.07
TW02,27/12/2023 12:36,0.98,LW,27/12/2023 13:21,1.51,-00:45,-0.54
TW02,27/12/2023 18:43,5.95,HW,27/12/2023 18:11,6.99,+00:32,-1.04
TW02,28/12/2023 01:40,0.48,LW,28/12/2023 01:58,1.22,-00:18,-0.73
TW02,28/12/2023 07:21,6.3,HW,28/12/2023 06:43,6.8,+00:38,-0.5
TW02,28/12/2023 12:48,1.6,LW,28/12/2023 14:07,1.55,#SPILL!,0.05
TW02,28/12/2023 18:42,7.05,HW,28/12/2023 18:51,7.06,-00:09,-0.01
TW02,29/12/2023 02:16,1.21,LW,29/12/2023 02:41,1.21,-00:25,0.01
TW02,29/12/2023 07:22,6.9,HW,29/12/2023 07:24,6.7,-00:02,0.2
TW02,29/12/2023 13:43,1.87,LW,29/12/2023 14:42,1.61,-00:59,0.26
TW02,29/12/2023 19:23,7.34,HW,29/12/2023 19:27,7.04,-00:04,0.3
TW02,30/12/2023 02:12,1.53,LW,30/12/2023 03:11,1.28,-00:59,0.25
TW02,30/12/2023 08:13,6.81,HW,30/12/2023 08:01,6.54,+00:12,0.27
TW02,30/12/2023 14:14,1.76,LW,30/12/2023 15:09,1.71,-00:55,0.05
TW02,30/12/2023 19:56,6.67,HW,30/12/2023 19:59,6.94,-00:03,-0.27
TW02,31/12/2023 02:30,1.14,LW,31/12/2023 03:40,1.41,#SPILL!,-0.27
TW02,31/12/2023 09:01,6.33,HW,31/12/2023 08:36,6.34,+00:25,-0.01
TW02,31/12/2023 14:38,1.59,LW,31/12/2023 15:35,1.84,-00:57,-0.24
TW02,31/12/2023 20:30,6.91,HW,31/12/2023 20:32,6.75,-00:02,0.16
TW02,16/12/2023 08:05,,HW,16/12/2023 08:05,6.99,+00:00,
TW02,16/12/2023 03:13,,LW,16/12/2023 03:13,1.02,+00:00,
